doi,title,year,container,authors,URL,source
10.1002/bse.3064,Local government environmental regulatory pressures and corporate environmental strategies: Evidence from natural resource accountability audits in China,2022,Business Strategy and the Environment,Huixiang Zeng; Xuemei Li; Qiong Zhou; Lin Wang,https://doi.org/10.1002/bse.3064,crossref
10.1002/pmj.21409,What you Should Know about Megaprojects and Why: An Overview,2014,Project Management Journal,Bent Flyvbjerg,https://doi.org/10.1002/pmj.21409,crossref
10.1006/jeem.1994.1031,Environmental Quality and Development: Is There a Kuznets Curve for Air Pollution Emissions?,1994,Journal of Environmental Economics and Management,Thomas M. Selden; Daqing Song,https://doi.org/10.1006/jeem.1994.1031,crossref
10.1006/jeem.1999.1095,The Effects of Environmental Regulations on Foreign Direct Investment,2000,Journal of Environmental Economics and Management,John A. List; Catherine Y. Co,https://doi.org/10.1006/jeem.1999.1095,crossref
10.1007/s004840100099,Computer prediction of human thermoregulatory and temperature responses to a wide range of environmental conditions,2001,International Journal of Biometeorology,D. Fiala; K. J. Lomas; M. Stohrer,https://doi.org/10.1007/s004840100099,crossref
10.1007/s10640-013-9671-x,Environmental Innovations and Firm Profitability: Unmasking the Porter Hypothesis,2013,Environmental and Resource Economics,Sascha Rexhäuser; Christian Rammer,https://doi.org/10.1007/s10640-013-9671-x,crossref
10.1007/s11111-005-3346-7,Three Centuries of Global Population Growth: A Spatial Referenced Population (Density) Database for 1700–2000,2005,Population and Environment,Kees Klein Goldewijk,https://doi.org/10.1007/s11111-005-3346-7,crossref
10.1007/s12205-021-0746-x,A BIM-Based Approach to Automated Prefabricated Building Construction Site Layout Planning,2022,KSCE Journal of Civil Engineering,Bin Yang; Tengwei Fang; Xiaoqun Luo; Boda Liu; Miaosi Dong,https://doi.org/10.1007/s12205-021-0746-x,crossref
10.1016/0038-092x(79)90118-x,Correlation of average diffuse and beam radiation with hours of bright sunshine,1979,Solar Energy,M. Iqbal,https://doi.org/10.1016/0038-092x(79)90118-x,crossref
10.1016/0095-0696(76)90016-4,Optimal investment in pollution control capital in a neoclassical growth context,1976,Journal of Environmental Economics and Management,Gene W Gruver,https://doi.org/10.1016/0095-0696(76)90016-4,crossref
10.1016/0304-4076(94)01658-m,Assessing cross-sectional correlation in panel data,1995,Journal of Econometrics,Edward W. Frees,https://doi.org/10.1016/0304-4076(94)01658-m,crossref
10.1016/0921-8009(94)90198-8,Inequality as a cause of environmental degradation,1994,Ecological Economics,James K. Boyce,https://doi.org/10.1016/0921-8009(94)90198-8,crossref
10.1016/j.apenergy.2018.04.075,Short term load forecasting based on phase space reconstruction algorithm and bi-square kernel regression model,2018,Applied Energy,Guo-Feng Fan; Li-Ling Peng; Wei-Chiang Hong,https://doi.org/10.1016/j.apenergy.2018.04.075,crossref
10.1016/j.apenergy.2018.09.032,Employment creation in EU related to renewables expansion,2018,Applied Energy,Panagiotis Fragkos; Leonidas Paroussos,https://doi.org/10.1016/j.apenergy.2018.09.032,crossref
10.1016/j.apenergy.2023.120936,Data-driven predictive control for smart HVAC system in IoT-integrated buildings with time-series forecasting and reinforcement learning,2023,Applied Energy,Dian Zhuang; Vincent J.L. Gan; Zeynep Duygu Tekler; Adrian Chong; Shuai Tian; Xing Shi,https://doi.org/10.1016/j.apenergy.2023.120936,crossref
10.1016/j.apgeog.2018.01.011,Inequality of public health and its role in spatial accessibility to medical facilities in China,2018,Applied Geography,Chaohui Yin; Qingsong He; Yanfang Liu; Weiqiang Chen; Yuan Gao,https://doi.org/10.1016/j.apgeog.2018.01.011,crossref
10.1016/j.autcon.2014.05.015,Automated dimensional quality assessment of precast concrete panels using terrestrial laser scanning,2014,Automation in Construction,Min-Koo Kim; Hoon Sohn; Chih-Chen Chang,https://doi.org/10.1016/j.autcon.2014.05.015,crossref
10.1016/j.autcon.2014.09.004,Automated daily pattern filtering of measured building performance data,2015,Automation in Construction,Clayton Miller; Zoltán Nagy; Arno Schlueter,https://doi.org/10.1016/j.autcon.2014.09.004,crossref
10.1016/j.autcon.2016.05.004,Optimal design of truss structures with frequency constraints using improved differential evolution algorithm based on an adaptive mutation scheme,2016,Automation in Construction,V. Ho-Huu; T. Vo-Duy; T. Luu-Van; L. Le-Anh; T. Nguyen-Thoi,https://doi.org/10.1016/j.autcon.2016.05.004,crossref
10.1016/j.autcon.2017.10.026,Framework for modeling operational uncertainty to optimize offsite production scheduling of precast components,2018,Automation in Construction,Zhaojing Wang; Hao Hu; Jie Gong,https://doi.org/10.1016/j.autcon.2017.10.026,crossref
10.1016/j.autcon.2017.11.008,A tool-supported framework for work planning on construction sites based on constraint programming,2018,Automation in Construction,Azahara Camacho; Pablo C. Cañizares; Sonia Estévez; Manuel Núñez,https://doi.org/10.1016/j.autcon.2017.11.008,crossref
10.1016/j.autcon.2019.102977,A lessons-learned tool for organizational learning in construction,2020,Automation in Construction,Gorkem Eken; Gozde Bilgin; Irem Dikmen; M. Talat Birgonul,https://doi.org/10.1016/j.autcon.2019.102977,crossref
10.1016/j.autcon.2019.103059,Exploring the association rules of work activities for producing precast components,2020,Automation in Construction,Jieh-Haur Chen; Shu-Chien Hsu; Chih-Lin Chen; Hsing-Wei Tai; Tsung-Han Wu,https://doi.org/10.1016/j.autcon.2019.103059,crossref
10.1016/j.autcon.2021.104069,Automating look-ahead schedule generation for construction using linked-data based constraint checking and reinforcement learning,2022,Automation in Construction,Ranjith K. Soman; Miguel Molina-Solana,https://doi.org/10.1016/j.autcon.2021.104069,crossref
10.1016/j.autcon.2022.104128,Comparison of online and offline deep reinforcement learning with model predictive control for thermal energy management,2022,Automation in Construction,Silvio Brandi; Massimo Fiorentini; Alfonso Capozzoli,https://doi.org/10.1016/j.autcon.2022.104128,crossref
10.1016/j.buildenv.2018.06.049,A study of thermal comfort enhancement using three energy-efficient personalized heating strategies at two low indoor temperatures,2018,Building and Environment,Udayraj; Ziqi Li; Ying Ke; Faming Wang; Bin Yang,https://doi.org/10.1016/j.buildenv.2018.06.049,crossref
10.1016/j.buildenv.2019.106282,Neural networks for metamodelling the hygrothermal behaviour of building components,2019,Building and Environment,Astrid Tijskens; Staf Roels; Hans Janssen,https://doi.org/10.1016/j.buildenv.2019.106282,crossref
10.1016/j.buildenv.2022.109501,Hygrothermal performance assessment of wood frame walls under historical and future climates using partial least squares regression,2022,Building and Environment,Chetan Aggarwal; Hua Ge; Maurice Defo; Michael A. Lacasse,https://doi.org/10.1016/j.buildenv.2022.109501,crossref
10.1016/j.chemolab.2012.07.010,A review of variable selection methods in Partial Least Squares Regression,2012,Chemometrics and Intelligent Laboratory Systems,Tahir Mehmood; Kristian Hovde Liland; Lars Snipen; Solve Sæbø,https://doi.org/10.1016/j.chemolab.2012.07.010,crossref
10.1016/j.cities.2018.03.011,Smarter cities in post-socialist country: Example of Poland,2018,Cities,Dorota Sikora-Fernandez,https://doi.org/10.1016/j.cities.2018.03.011,crossref
10.1016/j.cities.2021.103190,Editorial to the Special issue on planning resilient cities and region,2021,Cities,Małgorzata Hanzl; Ana Maria Fernández-Maldonado,https://doi.org/10.1016/j.cities.2021.103190,crossref
10.1016/j.cstp.2022.09.003,The effects of a water-bound construction consolidation centre on off-site transport performance: the case of the Brussels-Capital Region,2022,Case Studies on Transport Policy,N. Brusselaers; K. Mommens,https://doi.org/10.1016/j.cstp.2022.09.003,crossref
10.1016/j.diggeo.2022.100039,Use of digital platforms by autistic children and young people for creative dress-up play (cosplay) to facilitate and support social interaction,2022,Digital Geography and Society,Alice Leyman,https://doi.org/10.1016/j.diggeo.2022.100039,crossref
10.1016/j.eap.2023.09.019,Toward carbon neutrality: How will environmental regulatory policies affect corporate green innovation?,2023,Economic Analysis and Policy,Baoliu Liu; Javier Cifuentes-Faura; Chante Jian Ding; Xiaoqian Liu,https://doi.org/10.1016/j.eap.2023.09.019,crossref
10.1016/j.ecolecon.2010.11.013,Environmental regulation and investment: Evidence from European industry data,2011,Ecological Economics,Andrea M. Leiter; Arno Parolini; Hannes Winner,https://doi.org/10.1016/j.ecolecon.2010.11.013,crossref
10.1016/j.ecolecon.2021.107113,The dual effects of heterogeneous environmental regulation on the technological innovation of Chinese steel enterprises—Based on a high-dimensional fixed effects model,2021,Ecological Economics,Xuehong Zhu; Xuguang Zuo; Hailing Li,https://doi.org/10.1016/j.ecolecon.2021.107113,crossref
10.1016/j.ecolind.2015.08.031,Testing environmental Kuznets curve hypothesis: The role of renewable and non-renewable energy consumption and trade in OECD countries,2016,Ecological Indicators,Mehdi Ben Jebli; Slim Ben Youssef; Ilhan Ozturk,https://doi.org/10.1016/j.ecolind.2015.08.031,crossref
10.1016/j.econmod.2016.11.012,"Green versus brown: Comparing the employment impacts of energy efficiency, renewable energy, and fossil fuels using an input-output model",2017,Economic Modelling,Heidi Garrett-Peltier,https://doi.org/10.1016/j.econmod.2016.11.012,crossref
10.1016/j.econmod.2019.09.041,Regulation and innovation: Examining outcomes in Chinese pollution control policy areas,2020,Economic Modelling,Liqun Zhuge; Richard B. Freeman; Matthew T. Higgins,https://doi.org/10.1016/j.econmod.2019.09.041,crossref
10.1016/j.econmod.2019.12.020,Voluntary environmental regulation and firm innovation in China,2020,Economic Modelling,Maoliang Bu; Zhenzi Qiao; Beibei Liu,https://doi.org/10.1016/j.econmod.2019.12.020,crossref
10.1016/j.econmod.2020.03.006,Market-based environmental regulation and total factor productivity: Evidence from Chinese enterprises,2021,Economic Modelling,Jiaying Peng; Rui Xie; Chunbo Ma; Yang Fu,https://doi.org/10.1016/j.econmod.2020.03.006,crossref
10.1016/j.econmod.2021.105585,Does environmental regulation promote enterprise profitability? Evidence from the implementation of China's newly revised Environmental Protection Law,2021,Economic Modelling,Di Zhou; Yuan Qiu; Mingzhe Wang,https://doi.org/10.1016/j.econmod.2021.105585,crossref
10.1016/j.eiar.2022.106955,A GPS-based approach to measure the environmental impact of construction-related HGV traffic on city level,2023,Environmental Impact Assessment Review,N. Brusselaers; H. Huang; C. Macharis; K. Mommens,https://doi.org/10.1016/j.eiar.2022.106955,crossref
10.1016/j.enbuild.2020.110011,User-centered environmental control: a review of current findings on personal conditioning systems and personal comfort models,2020,Energy and Buildings,Maíra André; Renata De Vecchi; Roberto Lamberts,https://doi.org/10.1016/j.enbuild.2020.110011,crossref
10.1016/j.enbuild.2024.113953,Long-term hygrothermal performance assessment of wood-frame walls considering climate uncertainties using partial least squares (PLS) regression,2024,Energy and Buildings,Chetan Aggarwal; Lin Wang; Hua Ge; Maurice Defo; Michael Lacasse,https://doi.org/10.1016/j.enbuild.2024.113953,crossref
10.1016/j.enconman.2020.113823,Techno-economic and environmental assessment of a hybrid renewable energy system using multi-objective genetic algorithm: A case study for remote Island in Bangladesh,2021,Energy Conversion and Management,Barun K. Das; Rakibul Hassan; Mohammad Shahed H.K. Tushar; Forhad Zaman; Mahmudul Hasan; Pronob Das,https://doi.org/10.1016/j.enconman.2020.113823,crossref
10.1016/j.eneco.2015.06.014,"Does foreign direct investment impede environmental quality in high-, middle-, and low-income countries?",2015,Energy Economics,Muhammad Shahbaz; Samia Nasreen; Faisal Abbas; Omri Anis,https://doi.org/10.1016/j.eneco.2015.06.014,crossref
10.1016/j.eneco.2018.03.015,Characterising green employment: The impacts of ‘greening’ on workforce composition,2018,Energy Economics,Alex Bowen; Karlygash Kuralbayeva; Eileen L. Tipoe,https://doi.org/10.1016/j.eneco.2018.03.015,crossref
10.1016/j.eneco.2020.104829,Carbon curse in developed countries,2020,Energy Economics,Mireille Chiroleu-Assouline; Mouez Fodha; Yassine Kirat,https://doi.org/10.1016/j.eneco.2020.104829,crossref
10.1016/j.eneco.2023.106856,Can the penalty mechanism of mandatory environmental regulations promote green innovation? Evidence from China's enterprise data,2023,Energy Economics,Ailun Wang; Lulu Si; Shuo Hu,https://doi.org/10.1016/j.eneco.2023.106856,crossref
10.1016/j.energy.2013.03.028,"Designing standalone hybrid energy systems minimizing initial investment, life cycle cost and pollutant emission",2013,Energy,A.T.D. Perera; R.A. Attalage; K.K.C.K. Perera; V.P.C. Dassanayake,https://doi.org/10.1016/j.energy.2013.03.028,crossref
10.1016/j.energy.2019.03.131,Techno-economic assessment of a stand-alone hybrid solar-wind-battery system for a remote island using genetic algorithm,2019,Energy,Muhammad Shahzad Javed; Aotian Song; Tao Ma,https://doi.org/10.1016/j.energy.2019.03.131,crossref
10.1016/j.engstruct.2011.12.017,Composed columns from cold-formed steel Z-profiles: Experiments and code-based predictions of the overall compression capacity,2012,Engineering Structures,Iveta Georgieva; Luc Schueremans; Lincy Pyl,https://doi.org/10.1016/j.engstruct.2011.12.017,crossref
10.1016/j.enpol.2006.08.019,"Energy consumption, economic growth and prices: A reassessment using panel VECM for developed and developing countries",2007,Energy Policy,Renuka Mahadevan; John Asafu-Adjaye,https://doi.org/10.1016/j.enpol.2006.08.019,crossref
10.1016/j.enpol.2007.09.004,Renewable energy and employment in Germany,2008,Energy Policy,Ulrike Lehr; Joachim Nitsch; Marlene Kratzat; Christian Lutz; Dietmar Edler,https://doi.org/10.1016/j.enpol.2007.09.004,crossref
10.1016/j.enpol.2009.05.015,Employment benefits of electricity generation: A comparative assessment of lignite and natural gas power plants in Greece,2009,Energy Policy,C. Tourkolias; S. Mirasgedis; D. Damigos; D. Diakoulaki,https://doi.org/10.1016/j.enpol.2009.05.015,crossref
10.1016/j.enpol.2009.08.057,Application of a multi-criteria analysis for the selection of the most suitable energy source and water desalination system in Mauritania,2010,Energy Policy,Angel Antonio Bayod Rújula; Nourou Khalidou Dia,https://doi.org/10.1016/j.enpol.2009.08.057,crossref
10.1016/j.enpol.2009.10.034,Comments on “A quadratic helix approach to evaluate the Turkish renewable energies” by Melih Soner Celiktas and Gunnur Kocar,2010,Energy Policy,Serhat Kucukali,https://doi.org/10.1016/j.enpol.2009.10.034,crossref
10.1016/j.enpol.2009.10.044,Putting renewables and energy efficiency to work: How many jobs can the clean energy industry generate in the US?,2010,Energy Policy,Max Wei; Shana Patadia; Daniel M. Kammen,https://doi.org/10.1016/j.enpol.2009.10.044,crossref
10.1016/j.enpol.2009.10.049,"Techno-economical analysis of off-grid hybrid systems at Kutubdia Island, Bangladesh",2010,Energy Policy,Sanjoy Kumar Nandi; Himangshu Ranjan Ghosh,https://doi.org/10.1016/j.enpol.2009.10.049,crossref
10.1016/j.enpol.2011.02.006,Assessment of China's energy-saving and emission-reduction accomplishments and opportunities during the 11th Five Year Plan,2011,Energy Policy,Lynn Price; Mark D. Levine; Nan Zhou; David Fridley; Nathaniel Aden; Hongyou Lu; Michael McNeil; Nina Zheng; Yining Qin; Ping Yowargana,https://doi.org/10.1016/j.enpol.2011.02.006,crossref
10.1016/j.enpol.2012.04.076,Green jobs? Economic impacts of renewable energy in Germany,2012,Energy Policy,Ulrike Lehr; Christian Lutz; Dietmar Edler,https://doi.org/10.1016/j.enpol.2012.04.076,crossref
10.1016/j.enpol.2013.01.047,The impact of clean energy investments on the Greek economy: An input–output analysis (2010–2020),2013,Energy Policy,M. Markaki; A. Belegri-Roboli; P. Michaelides; S. Mirasgedis; D.P. Lalas,https://doi.org/10.1016/j.enpol.2013.01.047,crossref
10.1016/j.enpol.2013.09.059,Sustainability assessment of electricity generation technologies using weighted multi-criteria decision analysis,2014,Energy Policy,Alexandru Maxim,https://doi.org/10.1016/j.enpol.2013.09.059,crossref
10.1016/j.enpol.2015.01.026,Public policy influence on renewable energy investments—A panel data study across OECD countries,2015,Energy Policy,Friedemann Polzin; Michael Migendt; Florian A. Täube; Paschen von Flotow,https://doi.org/10.1016/j.enpol.2015.01.026,crossref
10.1016/j.enpol.2019.111115,A comparison between emission intensity and emission cap regulations,2020,Energy Policy,Kosuke Hirose; Toshihiro Matsumura,https://doi.org/10.1016/j.enpol.2019.111115,crossref
10.1016/j.enpol.2019.111124,DER integration through a monopoly DER aggregator,2020,Energy Policy,Nikos D. Hatziargyriou; Georgia E. Asimakopoulou,https://doi.org/10.1016/j.enpol.2019.111124,crossref
10.1016/j.enpol.2020.111523,The search for the perfect match: Aligning power-trading products to the energy transition,2020,Energy Policy,Gilbert Fridgen; Anne Michaelis; Maximilian Rinck; Michael Schöpf; Martin Weibelzahl,https://doi.org/10.1016/j.enpol.2020.111523,crossref
10.1016/j.enpol.2020.112031,Green jobs and energy efficiency as strategies for economic growth and the reduction of environmental impacts,2021,Energy Policy,Federico Dell’Anna,https://doi.org/10.1016/j.enpol.2020.112031,crossref
10.1016/j.enpol.2022.113098,Medium-term assessment of cross border trading potential of Nepal's renewable energy using TIMES energy system optimization platform,2022,Energy Policy,Sushil Aryal; Shobhakar Dhakal,https://doi.org/10.1016/j.enpol.2022.113098,crossref
10.1016/j.enpol.2023.113456,Cooling is hotting up in the UK,2023,Energy Policy,Fatemeh Khosravi; Richard Lowes; Carlos E. Ugalde-Loo,https://doi.org/10.1016/j.enpol.2023.113456,crossref
10.1016/j.enpol.2023.113824,New sustainable product adoption: The role of economic and social factors,2023,Energy Policy,Hossein Eslami; Trichy Krishnan,https://doi.org/10.1016/j.enpol.2023.113824,crossref
10.1016/j.enpol.2023.113940,Regional assessment of household energy decision-making and technology adoption in the United States,2024,Energy Policy,Chrissi A. Antonopoulos; Tracy L. Fuentes; Kieren H. McCord; Adrienne L.S. Rackley; Saurabh Biswas,https://doi.org/10.1016/j.enpol.2023.113940,crossref
10.1016/j.envres.2022.114637,"Revisiting the environmental kuznets curve hypothesis in 208 counties: The roles of trade openness, human capital, renewable energy and natural resource rent",2023,Environmental Research,Qiang Wang; Fuyu Zhang; Rongrong Li,https://doi.org/10.1016/j.envres.2022.114637,crossref
10.1016/j.envsci.2016.06.009,Climate change adaptation planning in large cities: A systematic global assessment,2016,Environmental Science &amp; Policy,Malcolm Araos; Lea Berrang-Ford; James D. Ford; Stephanie E. Austin; Robbert Biesbroek; Alexandra Lesnikowski,https://doi.org/10.1016/j.envsci.2016.06.009,crossref
10.1016/j.erss.2018.04.027,Pathways to electricity for all: What makes village-scale solar power successful?,2018,Energy Research &amp; Social Science,Kirsten Ulsrud; Harald Rohracher; Tanja Winther; Charles Muchunku; Debajit Palit,https://doi.org/10.1016/j.erss.2018.04.027,crossref
10.1016/j.eswa.2021.114776,A knowledge-based risk management tool for construction projects using case-based reasoning,2021,Expert Systems with Applications,Ozan Okudan; Cenk Budayan; Irem Dikmen,https://doi.org/10.1016/j.eswa.2021.114776,crossref
10.1016/j.geoforum.2015.01.005,"Offsetting dispossession? Terrestrial conservation offsets and First Nation treaty rights in Alberta, Canada",2015,Geoforum,Ryan Hackett,https://doi.org/10.1016/j.geoforum.2015.01.005,crossref
10.1016/j.geoforum.2018.06.018,Cartographies of epistemic expropriation: Critical reflections on learning from the south,2018,Geoforum,Sam Halvorsen,https://doi.org/10.1016/j.geoforum.2018.06.018,crossref
10.1016/j.geoforum.2020.07.002,Is automation stealing manufacturing jobs? Evidence from South Africa’s apparel industry,2020,Geoforum,Christian Parschau; Jostein Hauge,https://doi.org/10.1016/j.geoforum.2020.07.002,crossref
10.1016/j.habitatint.2014.02.005,"Mixed-use spaces and mixed social responses: Popular resistance to a megaproject in Central Lima, Peru",2015,Habitat International,Lisa Strauch; Guillermo Takano; Michaela Hordijk,https://doi.org/10.1016/j.habitatint.2014.02.005,crossref
10.1016/j.ijpe.2021.108345,Credit line pricing under heterogeneous risk beliefs,2022,International Journal of Production Economics,Nicos Koussis; Spiros H. Martzoukos,https://doi.org/10.1016/j.ijpe.2021.108345,crossref
10.1016/j.ijproman.2013.03.004,Towards a better modelling and assessment of construction risk: Insights from a literature review,2014,International Journal of Project Management,Abdulmaten Taroun,https://doi.org/10.1016/j.ijproman.2013.03.004,crossref
10.1016/j.ijproman.2017.01.007,Governance and governmentality in projects: Profiles and relationships with success,2017,International Journal of Project Management,Ralf Müller; Li Zhai; Anyu Wang,https://doi.org/10.1016/j.ijproman.2017.01.007,crossref
10.1016/j.jclepro.2013.07.046,Can political capital drive corporate green innovation? Lessons from China,2014,Journal of Cleaner Production,H. Lin; S.X. Zeng; H.Y. Ma; G.Y. Qi; Vivian W.Y. Tam,https://doi.org/10.1016/j.jclepro.2013.07.046,crossref
10.1016/j.jclepro.2014.05.061,"Sustainability assessment of energy systems: integrating environmental, economic and social aspects",2014,Journal of Cleaner Production,Edgar Santoyo-Castelazo; Adisa Azapagic,https://doi.org/10.1016/j.jclepro.2014.05.061,crossref
10.1016/j.jclepro.2016.05.004,Environmentally sustainable Information and Communication Technology usage: awareness and practices of Indian Information and Communication Technology professionals,2016,Journal of Cleaner Production,Ritesh Chugh; Santoso Wibowo; Srimannarayana Grandhi,https://doi.org/10.1016/j.jclepro.2016.05.004,crossref
10.1016/j.jclepro.2017.03.017,A review of life-cycle approaches coupled with data envelopment analysis within multi-criteria decision analysis for sustainability assessment of energy systems,2017,Journal of Cleaner Production,Mario Martín-Gamboa; Diego Iribarren; Diego García-Gusano; Javier Dufour,https://doi.org/10.1016/j.jclepro.2017.03.017,crossref
10.1016/j.jclepro.2017.11.054,Innovation intermediaries accelerating environmental sustainability transitions,2018,Journal of Cleaner Production,Travis Gliedt; Christina E. Hoicka; Nathan Jackson,https://doi.org/10.1016/j.jclepro.2017.11.054,crossref
10.1016/j.jclepro.2018.02.136,Key constraints and mitigation strategies for prefabricated prefinished volumetric construction,2018,Journal of Cleaner Production,Bon-Gang Hwang; Ming Shan; Kit-Ying Looi,https://doi.org/10.1016/j.jclepro.2018.02.136,crossref
10.1016/j.jclepro.2019.05.337,Data integration analysis: Heavy metal pollution in China's large-scale cattle rearing and reduction potential in manure utilization,2019,Journal of Cleaner Production,Yan Xu; Jing Li; Xubo Zhang; Lingqing Wang; Xiangbo Xu; Li Xu; Huarui Gong; Hanyou Xie; Fadong Li,https://doi.org/10.1016/j.jclepro.2019.05.337,crossref
10.1016/j.jclepro.2019.119347,"Barriers to the adoption of modular integrated construction: Systematic review and meta-analysis, integrated conceptual framework, and strategies",2020,Journal of Cleaner Production,Ibrahim Yahaya Wuni; Geoffrey Qiping Shen,https://doi.org/10.1016/j.jclepro.2019.119347,crossref
10.1016/j.jclepro.2019.119744,Three-dimensional photoelectrocatalytic degradation of the opaque dye acid fuchsin by Pr and Co co-doped TiO2 particle electrodes,2020,Journal of Cleaner Production,Jian Yu; Jie Zou; Peng Xu; Qiulai He,https://doi.org/10.1016/j.jclepro.2019.119744,crossref
10.1016/j.jclepro.2019.119764,Sectoral changing patterns of China’s green GDP considering climate change: An investigation based on the economic input-output life cycle assessment model,2020,Journal of Cleaner Production,Shu Wu; Hongyun Han,https://doi.org/10.1016/j.jclepro.2019.119764,crossref
10.1016/j.jclepro.2019.119766,A novel CVaR-based conflict resolution model for optimal allocation of treated wastewater under bankruptcy conditions,2020,Journal of Cleaner Production,Saeid Tayebikhorami; Mohammad Reza Nikoo; Azizallah Izady; Jan Adamowski,https://doi.org/10.1016/j.jclepro.2019.119766,crossref
10.1016/j.jclepro.2020.120128,Evaluation of bioenergy potential from citrus effluents through anaerobic digestion,2020,Journal of Cleaner Production,E.S. Rosas-Mendoza; J.M. Méndez-Contreras; A.A. Aguilar-Lasserre; N.A. Vallejo-Cantú; A. Alvarado-Lassman,https://doi.org/10.1016/j.jclepro.2020.120128,crossref
10.1016/j.jclepro.2020.121884,Potential application of graphene oxide membranes in high-level liquid waste treatment,2020,Journal of Cleaner Production,Haogui Zhao; Jing Yang; Zheng Li; Yiyun Geng; Jie Li; Mumei Chen; Ruifen Li; Qingnuan Li; Lan Zhang,https://doi.org/10.1016/j.jclepro.2020.121884,crossref
10.1016/j.jclepro.2020.122019,A sustainable reduction route of graphene oxide by industrial waste lignin for versatile applications in energy and environment,2020,Journal of Cleaner Production,Can Jiang; Dong An; Zuhao Wang; Shumin Zhang; Xingping An; Jinyu Bo; Guoping Yan; Kyoung-Sik Moon; Chingping Wong,https://doi.org/10.1016/j.jclepro.2020.122019,crossref
10.1016/j.jclepro.2020.123324,The change pattern and driving factors of embodied SO2 emissions in China’s inter-provincial trade,2020,Journal of Cleaner Production,Xingquan Chen; Wei Liu; Jianqing Zhang; Zhiping Li,https://doi.org/10.1016/j.jclepro.2020.123324,crossref
10.1016/j.jclepro.2020.123607,Evolutionary process of promoting green building technologies adoption in China: A perspective of government,2021,Journal of Cleaner Production,Linyan Chen; Xin Gao; Chunxiang Hua; Shitao Gong; Aobo Yue,https://doi.org/10.1016/j.jclepro.2020.123607,crossref
10.1016/j.jclepro.2021.129496,"Environmental regulation, economic development and air pollution in the cities of China: Spatial econometric analysis based on policy scoring and satellite data",2021,Journal of Cleaner Production,Guoxing Zhang; Yuqi Jia; Bin Su; Jing Xiu,https://doi.org/10.1016/j.jclepro.2021.129496,crossref
10.1016/j.jclepro.2023.137000,Experimental research on direct expansion heat pump flue gas waste heat recovery and humidification nitrogen reduction system,2023,Journal of Cleaner Production,Qunli Zhang; Haotian Huang; Hongbao Zhai; Wenqiang Zhao; Xiaoshu Lü,https://doi.org/10.1016/j.jclepro.2023.137000,crossref
10.1016/j.jclepro.2023.138497,The role of environmental regulation and green human capital towards sustainable development: The mediating role of green innovation and industry upgradation,2023,Journal of Cleaner Production,Likun Ni; Sayed Fayaz Ahmad; Talal Obaid Alshammari; Haoshen Liang; Ghadeer Alsanie; Muhammad Irshad; Randah Alyafi-AlZahri; Rima H. BinSaeed; Mohammed Hasan Ali Al-Abyadh; Sahar Moh'd Mahmood Abu Bakir; Ahmad Y.A. Bani Ahmad Ayassrah,https://doi.org/10.1016/j.jclepro.2023.138497,crossref
10.1016/j.jdeveco.2014.01.003,Environmental regulation and foreign direct investment: Evidence from South Korea,2014,Journal of Development Economics,Sunghoon Chung,https://doi.org/10.1016/j.jdeveco.2014.01.003,crossref
10.1016/j.jdeveco.2016.08.003,Does environmental regulation drive away inbound foreign direct investment? Evidence from a quasi-natural experiment in China,2016,Journal of Development Economics,Xiqian Cai; Yi Lu; Mingqin Wu; Linhui Yu,https://doi.org/10.1016/j.jdeveco.2016.08.003,crossref
10.1016/j.jeem.2014.06.005,Environmental policy and exports: Evidence from Chinese cities,2014,Journal of Environmental Economics and Management,Laura Hering; Sandra Poncet,https://doi.org/10.1016/j.jeem.2014.06.005,crossref
10.1016/j.jeem.2016.06.002,Environmental policies and productivity growth: Evidence across industries and firms,2017,Journal of Environmental Economics and Management,Silvia Albrizio; Tomasz Kozluk; Vera Zipperer,https://doi.org/10.1016/j.jeem.2016.06.002,crossref
10.1016/j.jeem.2024.102950,Implicit carbon prices,2024,Journal of Environmental Economics and Management,Elisa Belfiori; Armon Rezai,https://doi.org/10.1016/j.jeem.2024.102950,crossref
10.1016/j.jenvman.2021.112282,How do environmental regulation and foreign investment behavior affect green productivity growth in the industrial sector? An empirical test based on Chinese provincial panel data,2021,Journal of Environmental Management,Shilei Qiu; Zilong Wang; Shuaishuai Geng,https://doi.org/10.1016/j.jenvman.2021.112282,crossref
10.1016/j.jenvman.2022.116127,Research on the impact mechanism of heterogeneous environmental regulation on enterprise green technology innovation,2022,Journal of Environmental Management,Liping Wang; Ying Long; Chuang Li,https://doi.org/10.1016/j.jenvman.2022.116127,crossref
10.1016/j.jenvman.2023.117849,Does environmental regulation narrow the north-south economic gap ? - Empirical evidence based on panel data of 285 prefecture-level cities,2023,Journal of Environmental Management,Xiaohua Wang; Yimeng Wang; Nannan Liu,https://doi.org/10.1016/j.jenvman.2023.117849,crossref
10.1016/j.jobe.2019.100840,Experimental study on the performance of notched round timber sections,2019,Journal of Building Engineering,Justin Dewey; Rabin Tuladhar; Nagaratnam Sivakugan,https://doi.org/10.1016/j.jobe.2019.100840,crossref
10.1016/j.jobe.2019.100987,Porosity effects on water vapour permeability in earthen materials: Experimental evidence and modelling description,2020,Journal of Building Engineering,Ludovica Casnedi; Marta Cappai; Alberto Cincotti; Francesco Delogu; Giorgio Pia,https://doi.org/10.1016/j.jobe.2019.100987,crossref
10.1016/j.jobe.2020.101273,ABAQUS modeling for post-tensioned reinforced concrete beams,2020,Journal of Building Engineering,Swoo-Heon Lee; Ali Abolmaali; Kyung-Jae Shin; Hee-Du Lee,https://doi.org/10.1016/j.jobe.2020.101273,crossref
10.1016/j.jobe.2021.102526,Mechanical behaviour in shear and compression at elevated temperature of polyethylene terephthalate (PET) foam,2021,Journal of Building Engineering,Pietro Mazzuca; J.P. Firmo; J.R. Correia; Eloísa Castilho,https://doi.org/10.1016/j.jobe.2021.102526,crossref
10.1016/j.jobe.2022.104257,Properties and durability of partially replaced cement-based composite mortars co-using powders of a nanosilica superplasticiser and finely ground plastic waste,2022,Journal of Building Engineering,Amel Aattache,https://doi.org/10.1016/j.jobe.2022.104257,crossref
10.1016/j.jobe.2024.111500,Hygrothermal and airtightness performance assessment of prefabricated lightweight wall systems for cold climates,2024,Journal of Building Engineering,Jeremy Piggot-Navarrete; Pierre Blanchet; Antoine Cogulet; Matheus Roberto Cabral,https://doi.org/10.1016/j.jobe.2024.111500,crossref
10.1016/j.jtrangeo.2003.12.001,Athens 2004 Olympic Games' Transportation Plan: a missed opportunity for Strategic Environmental Assessment (SEA) integration?,2004,Journal of Transport Geography,Efthymis Zagorianakos,https://doi.org/10.1016/j.jtrangeo.2003.12.001,crossref
10.1016/j.jtrangeo.2003.12.004,The transport geography of logistics and freight distribution,2004,Journal of Transport Geography,Markus Hesse; Jean-Paul Rodrigue,https://doi.org/10.1016/j.jtrangeo.2003.12.004,crossref
10.1016/j.jtrangeo.2006.11.005,,2007,Journal of Transport Geography,William R. Black,https://doi.org/10.1016/j.jtrangeo.2006.11.005,crossref
10.1016/j.jtrangeo.2009.06.017,Concentration and decentralization: The new geography of freight distribution in US metropolitan areas,2010,Journal of Transport Geography,Julie Cidell,https://doi.org/10.1016/j.jtrangeo.2009.06.017,crossref
10.1016/j.jtrangeo.2012.03.011,"Perceptions and aspirations for car ownership among Chinese students attending two universities in the Yangtze Delta, China",2012,Journal of Transport Geography,Charles Zhu; Yiliang Zhu; Rongzhu Lu; Ren He; Zhaolin Xia,https://doi.org/10.1016/j.jtrangeo.2012.03.011,crossref
10.1016/j.jtrangeo.2014.01.005,Do firms flee traffic congestion?,2014,Journal of Transport Geography,Matthias N. Sweet,https://doi.org/10.1016/j.jtrangeo.2014.01.005,crossref
10.1016/j.jtrangeo.2014.07.007,Port system evolution – the case of Latin America and the Caribbean,2014,Journal of Transport Geography,Gordon Wilmsmeier; Jason Monios; Gabriel Pérez-Salas,https://doi.org/10.1016/j.jtrangeo.2014.07.007,crossref
10.1016/j.jtrangeo.2017.01.007,Impacts of adverse weather on Arctic road transport,2017,Journal of Transport Geography,Kjersti Granås Bardal,https://doi.org/10.1016/j.jtrangeo.2017.01.007,crossref
10.1016/j.jtrangeo.2017.03.007,"Urban spatial structure, employment subcenters, and freight travel",2017,Journal of Transport Geography,Marlon G. Boarnet; Andy Hong; Raul Santiago-Bartolomei,https://doi.org/10.1016/j.jtrangeo.2017.03.007,crossref
10.1016/j.jtrangeo.2018.04.018,Inter-port interactions in the Le Havre-Hamburg range: A scenario analysis using a nonautonomous Lotka Volterra model,2018,Journal of Transport Geography,Addolorata Marasco; Alessandro Romano,https://doi.org/10.1016/j.jtrangeo.2018.04.018,crossref
10.1016/j.jtrangeo.2018.12.004,Understanding road performance using online traffic condition data,2019,Journal of Transport Geography,Song Chen; Xiaoyan Wei; Nan Xia; Zhaojin Yan; Yi Yuan; H. Michael Zhang; Manchun Li; Liang Cheng,https://doi.org/10.1016/j.jtrangeo.2018.12.004,crossref
10.1016/j.jtrangeo.2019.01.001,Logistics land use patterns in metropolitan Canada,2020,Journal of Transport Geography,Clarence Woudsma; Paul Jakubicek,https://doi.org/10.1016/j.jtrangeo.2019.01.001,crossref
10.1016/j.jtrangeo.2019.04.004,Accessibility and urban mobility by bus in Belo Horizonte/Minas Gerais – Brazil,2019,Journal of Transport Geography,Daniela Antunes Lessa; Carlos Lobo; Leandro Cardoso,https://doi.org/10.1016/j.jtrangeo.2019.04.004,crossref
10.1016/j.jtrangeo.2020.102698,The impact of driving status on out-of-home and social activity engagement among older Canadians,2020,Journal of Transport Geography,Jamie E.L. Spinney; K. Bruce Newbold; Darren M. Scott; Brenda Vrkljan; Amanda Grenier,https://doi.org/10.1016/j.jtrangeo.2020.102698,crossref
10.1016/j.jtrangeo.2020.102736,Book review,2020,Journal of Transport Geography,Katja Leyendecker,https://doi.org/10.1016/j.jtrangeo.2020.102736,crossref
10.1016/j.jtrangeo.2020.102796,"Integrating node-place and trip end models to explore drivers of rail ridership in Flanders, Belgium",2020,Journal of Transport Geography,Freke Caset; Simon Blainey; Ben Derudder; Kobe Boussauw; Frank Witlox,https://doi.org/10.1016/j.jtrangeo.2020.102796,crossref
10.1016/j.jtrangeo.2020.102798,Transport and mobility justice: Evolving discussions,2020,Journal of Transport Geography,Ersilia Verlinghieri; Tim Schwanen,https://doi.org/10.1016/j.jtrangeo.2020.102798,crossref
10.1016/j.jtrangeo.2020.102833,Location optimisation method for fast-charging stations along national roads,2020,Journal of Transport Geography,Csaba Csiszár; Bálint Csonka; Dávid Földes; Ervin Wirth; Tamás Lovas,https://doi.org/10.1016/j.jtrangeo.2020.102833,crossref
10.1016/j.jtrangeo.2021.103093,Accelerating sustainable mobility and land-use transitions in rapidly growing cities: Identifying common patterns and enabling factors,2021,Journal of Transport Geography,Clemence Cavoli,https://doi.org/10.1016/j.jtrangeo.2021.103093,crossref
10.1016/j.jtrangeo.2021.103096,Examining spatial variations in minimum residential parking requirements in Melbourne,2021,Journal of Transport Geography,Chris De Gruyter; Liam Davies; Long T. Truong,https://doi.org/10.1016/j.jtrangeo.2021.103096,crossref
10.1016/j.jtrangeo.2021.103098,Realizing proximity in times of deregulation and densification: Evaluating urban change from a welfare regime perspective,2021,Journal of Transport Geography,Bertil Vilhelmson; Erik Elldér,https://doi.org/10.1016/j.jtrangeo.2021.103098,crossref
10.1016/j.jtrangeo.2023.103622,"Dual disasters: Seismic evacuation decision-making during COVID-19 lockdown: A case study of Luding earthquake, Sichuan Province",2023,Journal of Transport Geography,Homa Bahmani; Yibin Ao; Mingyang Li; Dujuan Yang; Dongpo Wang,https://doi.org/10.1016/j.jtrangeo.2023.103622,crossref
10.1016/j.jue.2017.06.001,Promise scholarship programs as place-making policy: Evidence from school enrollment and housing prices,2017,Journal of Urban Economics,Michael LeGower; Randall Walsh,https://doi.org/10.1016/j.jue.2017.06.001,crossref
10.1016/j.jue.2022.103495,Measuring the Value of Urban Consumption Amenities: A Time-Use Approach,2022,Journal of Urban Economics,Yichen Su,https://doi.org/10.1016/j.jue.2022.103495,crossref
10.1016/j.landurbplan.2012.10.005,The social production of ecosystem services: A framework for studying environmental justice and ecological complexity in urbanized landscapes,2013,Landscape and Urban Planning,Henrik Ernstson,https://doi.org/10.1016/j.landurbplan.2012.10.005,crossref
10.1016/j.oneear.2021.06.005,Meeting well-below 2°C target would increase energy sector jobs globally,2021,One Earth,Sandeep Pai; Johannes Emmerling; Laurent Drouet; Hisham Zerriffi; Jessica Jewell,https://doi.org/10.1016/j.oneear.2021.06.005,crossref
10.1016/j.physbeh.2012.07.008,"The influence of local effects on thermal sensation under non-uniform environmental conditions — Gender differences in thermophysiology, thermal comfort and productivity during convective and radiant cooling",2012,Physiology &amp; Behavior,L. Schellen; M.G.L.C. Loomans; M.H. de Wit; B.W. Olesen; W.D. van Marken Lichtenbelt,https://doi.org/10.1016/j.physbeh.2012.07.008,crossref
10.1016/j.plas.2024.100158,Governmentality in construction claim management: Role of smart data initiatives,2024,Project Leadership and Society,Joseph Awed; Alireza Ahmadian Fard Fini,https://doi.org/10.1016/j.plas.2024.100158,crossref
10.1016/j.regsciurbeco.2020.103574,Optimal compulsion for private assembly of property,2021,Regional Science and Urban Economics,Roman Zakharenko,https://doi.org/10.1016/j.regsciurbeco.2020.103574,crossref
10.1016/j.renene.2023.03.020,"Is green finance really “green”? Examining the long-run relationship between green finance, renewable energy and environmental performance in developing countries",2023,Renewable Energy,Walid Bakry; Girijasankar Mallik; Xuan-Hoa Nghiem; Avik Sinha; Xuan Vinh Vo,https://doi.org/10.1016/j.renene.2023.03.020,crossref
10.1016/j.resconrec.2021.105688,Environmental impact of construction transport and the effects of building certification schemes,2021,"Resources, Conservation and Recycling",Ahmet Anil Sezer; Anna Fredriksson,https://doi.org/10.1016/j.resconrec.2021.105688,crossref
10.1016/j.resourpol.2022.102563,"Role of green finance, volatility and risk in promoting the investments in Renewable Energy Resources in the post-covid-19",2022,Resources Policy,Zeyun Li; Tsung-Hsien Kuo; Wei Siao-Yun; Luu The Vinh,https://doi.org/10.1016/j.resourpol.2022.102563,crossref
10.1016/j.respol.2007.08.006,Determinants of environmental innovation—New evidence from German panel data sources,2008,Research Policy,Jens Horbach,https://doi.org/10.1016/j.respol.2007.08.006,crossref
10.1016/j.respol.2014.10.014,Linking emission trading to environmental innovation: Evidence from the Italian manufacturing industry,2015,Research Policy,Simone Borghesi; Giulio Cainelli; Massimiliano Mazzanti,https://doi.org/10.1016/j.respol.2014.10.014,crossref
10.1016/j.respol.2021.104273,Situating innovation policy in Mediterranean Arab countries: A research agenda for context sensitivity,2021,Research Policy,Christian Haddad; Maximilian Benner,https://doi.org/10.1016/j.respol.2021.104273,crossref
10.1016/j.rse.2009.08.016,MODIS Collection 5 global land cover: Algorithm refinements and characterization of new datasets,2010,Remote Sensing of Environment,Mark A. Friedl; Damien Sulla-Menashe; Bin Tan; Annemarie Schneider; Navin Ramankutty; Adam Sibley; Xiaoman Huang,https://doi.org/10.1016/j.rse.2009.08.016,crossref
10.1016/j.rser.2009.10.017,Local impact of renewables on employment: Assessment methodology and case study,2010,Renewable and Sustainable Energy Reviews,Eva Llera Sastresa; Alfonso Aranda Usón; Ignacio Zabalza Bribián; Sabina Scarpellini,https://doi.org/10.1016/j.rser.2009.10.017,crossref
10.1016/j.rser.2011.02.027,Quantification and monetization of employment benefits associated with renewable energy technologies in Greece,2011,Renewable and Sustainable Energy Reviews,C. Tourkolias; S. Mirasgedis,https://doi.org/10.1016/j.rser.2011.02.027,crossref
10.1016/j.rser.2012.03.072,The challenges of determining the employment effects of renewable energy,2012,Renewable and Sustainable Energy Reviews,Rosebud Jasmine Lambert; Patrícia Pereira Silva,https://doi.org/10.1016/j.rser.2012.03.072,crossref
10.1016/j.rser.2014.07.160,Assessing the sustainability of renewable energy technologies using multi-criteria analysis: Suitability of approach for national-scale assessments and associated uncertainties,2014,Renewable and Sustainable Energy Reviews,Mads Troldborg; Simon Heslop; Rupert L. Hough,https://doi.org/10.1016/j.rser.2014.07.160,crossref
10.1016/j.rser.2016.05.031,Life cycle performance of modular buildings: A critical review,2016,Renewable and Sustainable Energy Reviews,Mohammad Kamali; Kasun Hewage,https://doi.org/10.1016/j.rser.2016.05.031,crossref
10.1016/j.rser.2016.11.132,Data science for building energy management: A review,2017,Renewable and Sustainable Energy Reviews,Miguel Molina-Solana; María Ros; M. Dolores Ruiz; Juan Gómez-Romero; M.J. Martin-Bautista,https://doi.org/10.1016/j.rser.2016.11.132,crossref
10.1016/j.rser.2018.04.015,Pre-treatment methods for production of biofuel from microalgae biomass,2018,Renewable and Sustainable Energy Reviews,C. Onumaegbu; J. Mooney; A. Alaswad; A.G. Olabi,https://doi.org/10.1016/j.rser.2018.04.015,crossref
10.1016/j.rser.2019.109623,Integration of mitigation and adaptation in urban climate change action plans in Europe: A systematic assessment,2020,Renewable and Sustainable Energy Reviews,S. Grafakos; G. Viero; D. Reckien; K. Trigg; V. Viguie; A. Sudmant; C. Graves; A. Foley; O. Heidrich; J.M. Mirailles; J. Carter; L.H. Chang; C. Nador; M. Liseri; L. Chelleri; H. Orru; K. Orru; R. Aelenei; A. Bilska; B. Pfeiffer; Q. Lepetit; J.M. Church; M. Landauer; A. Gouldson; R. Dawson,https://doi.org/10.1016/j.rser.2019.109623,crossref
10.1016/j.rser.2019.109692,"Assessing the socio-demographic, technical, economic and behavioral factors of Nordic electric vehicle adoption and the influence of vehicle-to-grid preferences",2020,Renewable and Sustainable Energy Reviews,Chien-fei Chen; Gerardo Zarazua de Rubens; Lance Noel; Johannes Kester; Benjamin K. Sovacool,https://doi.org/10.1016/j.rser.2019.109692,crossref
10.1016/j.rser.2023.113265,Analysis of a tiered top-down approach using satellite and aircraft platforms to monitor oil and gas facilities in the Permian basin,2023,Renewable and Sustainable Energy Reviews,Ángel E. Esparza; Gillian Rowan; Ashley Newhook; Hanford J. Deglint; Billy Garrison; Bryn Orth-Lashley; Marianne Girard; Warren Shaw,https://doi.org/10.1016/j.rser.2023.113265,crossref
10.1016/j.rser.2023.113496,Energy modelling and control of building heating and cooling systems with data-driven and hybrid models—A review,2023,Renewable and Sustainable Energy Reviews,Yasaman Balali; Adrian Chong; Andrew Busch; Steven O’Keefe,https://doi.org/10.1016/j.rser.2023.113496,crossref
10.1016/j.rtbm.2022.100830,Green construction logistics – a multi-actor challenge,2022,Research in Transportation Business &amp; Management,Anna Fredriksson; Maria Huge-Brodin,https://doi.org/10.1016/j.rtbm.2022.100830,crossref
10.1016/j.scitotenv.2020.141853,"Green growth and low carbon emission in G7 countries: How critical the network of environmental taxes, renewable energy and human capital is?",2021,Science of The Total Environment,Lin-Na Hao; Muhammad Umar; Zeeshan Khan; Wajid Ali,https://doi.org/10.1016/j.scitotenv.2020.141853,crossref
10.1016/j.scs.2016.10.008,"Performance evaluation of a stand-alone PV-wind-diesel-battery hybrid system feasible for a large resort center in South China Sea, Malaysia",2017,Sustainable Cities and Society,Monowar Hossain; Saad Mekhilef; Lanre Olatomiwa,https://doi.org/10.1016/j.scs.2016.10.008,crossref
10.1016/j.scs.2017.12.034,The IoT for smart sustainable cities of the future: An analytical framework for sensor-based big data applications for environmental sustainability,2018,Sustainable Cities and Society,Simon Elias Bibri,https://doi.org/10.1016/j.scs.2017.12.034,crossref
10.1016/j.techfore.2013.09.014,"Art is long, innovation is short: Lessons from the Renaissance and the digital age",2014,Technological Forecasting and Social Change,Jonathan Sapsed; Feichin Ted Tschang,https://doi.org/10.1016/j.techfore.2013.09.014,crossref
10.1016/j.techfore.2016.08.019,The future of employment: How susceptible are jobs to computerisation?,2017,Technological Forecasting and Social Change,Carl Benedikt Frey; Michael A. Osborne,https://doi.org/10.1016/j.techfore.2016.08.019,crossref
10.1016/j.techfore.2020.120122,Quantity or quality? The impacts of environmental regulation on firms’ innovation–Quasi-natural experiment based on China's carbon emissions trading pilot,2020,Technological Forecasting and Social Change,Jiangfeng Hu; Xinxin Pan; Qinghua Huang,https://doi.org/10.1016/j.techfore.2020.120122,crossref
10.1016/j.techfore.2021.120894,Product innovation in entrepreneurial firms: How business model design influences disruptive and adoptive innovation,2021,Technological Forecasting and Social Change,Leven J. Zheng; Chang Xiong; Xihui Chen; Chung-Sheng Li,https://doi.org/10.1016/j.techfore.2021.120894,crossref
10.1016/j.techfore.2021.121112,"Macroeconomic, intersectoral, and environmental effects of R&amp;D subsidies in Chile: An input-output approach",2021,Technological Forecasting and Social Change,Cristian Mardones; Andrés Velásquez,https://doi.org/10.1016/j.techfore.2021.121112,crossref
10.1016/j.techfore.2021.121170,A bridge between sentiment indicators: What does Google Trends tell us about COVID-19 pandemic and employment expectations in the EU new member states?,2021,Technological Forecasting and Social Change,Mihaela Simionescu; Agota Giedrė Raišienė,https://doi.org/10.1016/j.techfore.2021.121170,crossref
10.1016/j.techfore.2021.121346,"Risks and critical success factors in the internationalization of born global startups of industry 4.0: A social, environmental, economic, and institutional analysis",2022,Technological Forecasting and Social Change,Fábio Lotti Oliva; Pedro Marins Freire Teberga; Lucas Israel Oliveira Testi; Masaaki Kotabe; Manlio Del Giudice; Peter Kelle; Miguel Pina Cunha,https://doi.org/10.1016/j.techfore.2021.121346,crossref
10.1016/j.techfore.2021.121348,"COVID-19 pandemic as a trigger for the acceleration of the cybernetic revolution, transition from e-government to e-state, and change in social relations",2022,Technological Forecasting and Social Change,Leonid Grinin; Anton Grinin; Andrey Korotayev,https://doi.org/10.1016/j.techfore.2021.121348,crossref
10.1016/j.techfore.2022.121875,"Innovation ecosystems as structures: Actor roles, timing of their entrance, and interactions",2022,Technological Forecasting and Social Change,Ozgur Dedehayir; Saku J. Mäkinen; J. Roland Ortt,https://doi.org/10.1016/j.techfore.2022.121875,crossref
10.1016/j.techfore.2022.122020,"Green technology innovation, environmental externality, and the cleaner upgrading of industrial structure in China — Considering the moderating effect of environmental regulation",2022,Technological Forecasting and Social Change,Ronghui Xie; Thompson S.H. Teo,https://doi.org/10.1016/j.techfore.2022.122020,crossref
10.1016/j.techsoc.2019.101154,"Microfinance, financial inclusion and ICT: Implications for poverty and inequality",2019,Technology in Society,Rizwan Mushtaq; Catherine Bruneau,https://doi.org/10.1016/j.techsoc.2019.101154,crossref
10.1016/j.techsoc.2021.101536,Towards an understanding of online visual aesthetics: An instantiation of the composition perspective,2021,Technology in Society,Phil Longstreet; Joseph Valacich; John Wells,https://doi.org/10.1016/j.techsoc.2021.101536,crossref
10.1016/j.techsoc.2021.101575,How environmental regulations affect corporate innovation? The coupling mechanism of mandatory rules and voluntary management,2021,Technology in Society,Zhenyu Jiang; Zongjun Wang; Xiao Lan,https://doi.org/10.1016/j.techsoc.2021.101575,crossref
10.1016/j.tele.2016.02.005,Lowering the barriers for online cross-media usage: Scenarios for a Belgian single sign-on solution,2016,Telematics and Informatics,Marlen Komorowski; Paulien Coppens; Wendy Van den Broeck; Olivier Braet,https://doi.org/10.1016/j.tele.2016.02.005,crossref
10.1016/j.tele.2021.101604,The politics of new driving technologies: Political ideology and autonomous vehicle adoption,2021,Telematics and Informatics,Elizabeth A. Mack; Steven R. Miller; Chu-Hsiang Chang; Jenna A. Van Fossen; Shelia R. Cotten; Peter T. Savolainen; John Mann,https://doi.org/10.1016/j.tele.2021.101604,crossref
10.1016/j.tele.2023.101985,Dating in the dark: Vulnerable narcissism predicts inauthentic self-presentation in online dating,2023,Telematics and Informatics,Megan L. Willis; Eliza Oliver; Evita March,https://doi.org/10.1016/j.tele.2023.101985,crossref
10.1016/j.telpol.2021.102229,Does ICT create a new driving force for manufacturing?—Evidence from Chinese manufacturing firms,2022,Telecommunications Policy,Dongkun Li; Yufeng Chen; Jiafeng Miao,https://doi.org/10.1016/j.telpol.2021.102229,crossref
10.1016/j.telpol.2022.102404,What $2.5 billion can buy: The effect of the Broadband Initiatives Program on farm productivity,2022,Telecommunications Policy,Yang Bai; Ryan Yang Wang; Krishna Jayakar,https://doi.org/10.1016/j.telpol.2022.102404,crossref
10.1016/j.tranpol.2020.01.011,A competitive system with transit and highway: Revisiting the political feasibility of road pricing,2020,Transport Policy,Tao Ren; Hai-Jun Huang,https://doi.org/10.1016/j.tranpol.2020.01.011,crossref
10.1016/s0003-6870(72)80074-7,Thermal comfort: Analysis and applications in environmental engineering,1972,Applied Ergonomics,,https://doi.org/10.1016/s0003-6870(72)80074-7,crossref
10.1016/s0019-8501(02)00228-6,Strategic development of third party logistics providers,2003,Industrial Marketing Management,Susanne Hertz; Monica Alfredsson,https://doi.org/10.1016/s0019-8501(02)00228-6,crossref
10.1016/s0034-4257(97)00049-7,Decision tree classification of land cover from remotely sensed data,1997,Remote Sensing of Environment,M.A. Friedl; C.E. Brodley,https://doi.org/10.1016/s0034-4257(97)00049-7,crossref
10.1016/s0095-0696(02)00053-0,Strategic environmental policy; eco-dumping or a green strategy?,2003,Journal of Environmental Economics and Management,Mads Greaker,https://doi.org/10.1016/s0095-0696(02)00053-0,crossref
10.1016/s0095-0696(02)00058-x,Determinants of environmental innovation in US manufacturing industries,2003,Journal of Environmental Economics and Management,Smita B Brunnermeier; Mark A Cohen,https://doi.org/10.1016/s0095-0696(02)00058-x,crossref
10.1016/s0095-0696(03)00021-4,"Determining the trade–environment composition effect: the role of capital, labor and environmental regulations",2003,Journal of Environmental Economics and Management,Matthew A. Cole; Robert J.R. Elliott,https://doi.org/10.1016/s0095-0696(03)00021-4,crossref
10.1016/s0165-0114(99)00021-4,Fuzzy outranking for environmental assessment. Case study: iron and steel making industry,2000,Fuzzy Sets and Systems,Jutta Geldermann; Thomas Spengler; Otto Rentz,https://doi.org/10.1016/s0165-0114(99)00021-4,crossref
10.1016/s0198-9715(01)00009-6,Geographically weighted summary statistics — a framework for localised exploratory data analysis,2002,"Computers, Environment and Urban Systems",C. Brunsdon; A.S. Fotheringham; M. Charlton,https://doi.org/10.1016/s0198-9715(01)00009-6,crossref
10.1016/s0304-3878(00)00092-4,Industrial pollution in economic development: the environmental Kuznets curve revisited,2000,Journal of Development Economics,Hemamala Hettige; Muthukumara Mani; David Wheeler,https://doi.org/10.1016/s0304-3878(00)00092-4,crossref
10.1016/s0304-4076(01)00098-7,Unit root tests in panel data: asymptotic and finite-sample properties,2002,Journal of Econometrics,Andrew Levin; Chien-Fu Lin; Chia-Shang James Chu,https://doi.org/10.1016/s0304-4076(01)00098-7,crossref
10.1016/s0304-4076(98)00023-2,Spurious regression and residual-based tests for cointegration in panel data,1999,Journal of Econometrics,Chihwa Kao,https://doi.org/10.1016/s0304-4076(98)00023-2,crossref
10.1016/s0921-8009(01)00195-1,Economic growth and atmospheric pollution in Spain: discussing the environmental Kuznets curve hypothesis,2001,Ecological Economics,Jordi Roca; Emilio Padilla; Mariona Farré; Vittorio Galletto,https://doi.org/10.1016/s0921-8009(01)00195-1,crossref
10.1016/s0921-8009(97)00177-8,"Income, inequality, and pollution: a reassessment of the environmental Kuznets Curve",1998,Ecological Economics,Mariano Torras; James K Boyce,https://doi.org/10.1016/s0921-8009(97)00177-8,crossref
10.1016/s0921-8009(97)00178-x,Economic growth and emissions: reconsidering the empirical basis of environmental Kuznets curves,1998,Ecological Economics,S.M de Bruyn; J.C.J.M van den Bergh; J.B Opschoor,https://doi.org/10.1016/s0921-8009(97)00178-x,crossref
10.1016/s0950-3293(99)00039-7,Modified Jack-knife estimation of parameter uncertainty in bilinear modelling by partial least squares regression (PLSR),2000,Food Quality and Preference,Harald Martens; Magni Martens,https://doi.org/10.1016/s0950-3293(99)00039-7,crossref
10.1016/s0969-7012(00)00013-7,The four roles of supply chain management in construction,2000,European Journal of Purchasing &amp; Supply Management,Ruben Vrijhoef; Lauri Koskela,https://doi.org/10.1016/s0969-7012(00)00013-7,crossref
10.1023/a:1008324810845,Employment and Environmental Protection,2000,Environmental and Resource Economics,A. Markandya,https://doi.org/10.1023/a:1008324810845,crossref
10.1023/a:1009769707641,Extensions to the k-Means Algorithm for Clustering Large Data Sets with Categorical Values,1998,Data Mining and Knowledge Discovery,Zhexue Huang,https://doi.org/10.1023/a:1009769707641,crossref
10.1023/a:1014537013353,Do Lax Environmental Regulations Attract Foreign Investment?,2002,Environmental and Resource Economics,Yuquing Xing; Charles D. Kolstad,https://doi.org/10.1023/a:1014537013353,crossref
10.1038/d41586-018-06610-y,How to stop data centres from gobbling up the world’s electricity,2018,Nature,Nicola Jones,https://doi.org/10.1038/d41586-018-06610-y,crossref
10.1038/s41545-021-00101-w,Data centre water consumption,2021,npj Clean Water,David Mytton,https://doi.org/10.1038/s41545-021-00101-w,crossref
10.1039/d2ee00722c,"Low-cost solutions to global warming, air pollution, and energy insecurity for 145 countries",2022,Energy &amp; Environmental Science,Mark Z. Jacobson; Anna-Katharina von Krauland; Stephen J. Coughlin; Emily Dukas; Alexander J. H. Nelson; Frances C. Palmer; Kylie R. Rasmussen,https://doi.org/10.1039/d2ee00722c,crossref
10.1061/(asce)co.1943-7862.0001433,Fatal Construction Accidents in Hong Kong,2018,Journal of Construction Engineering and Management,Yat-Hung Chiang; Francis Kwan-Wah Wong; Shulan Liang,https://doi.org/10.1061/(asce)co.1943-7862.0001433,crossref
10.1061/(asce)me.1943-5479.0000739,Supply Chain Management for Prefabricated Building Projects in Hong Kong,2020,Journal of Management in Engineering,Lizi Luo; Xin Jin; Geoffrey Qiping Shen; Yingjie Wang; Xin Liang; Xiao Li; Clyde Zhengdao Li,https://doi.org/10.1061/(asce)me.1943-5479.0000739,crossref
10.1080/00036846.2011.560110,Environmental policy stringency and technological innovation: evidence from survey data and patent counts,2012,Applied Economics,Nick Johnstone; Ivan Haščič; Julie Poirier; Marion Hemar; Christian Michel,https://doi.org/10.1080/00036846.2011.560110,crossref
10.1080/01431160412331291297,GLC2000: a new approach to global land cover mapping from Earth observation data,2005,International Journal of Remote Sensing,E. Bartholomé; A. S. Belward,https://doi.org/10.1080/01431160412331291297,crossref
10.1080/01446190010020435,Standardization and pre-assembly- distinguishing myth from reality using case study research,2001,Construction Management and Economics,Alistair G. F. Gibb,https://doi.org/10.1080/01446190010020435,crossref
10.1080/014461900370681,Total quality management and the learning organization: a dialogue for change in construction,2000,Construction Management and Economics,Peter E. D. Love; Heng Li; Zahir Irani; Olusegun Faniran,https://doi.org/10.1080/014461900370681,crossref
10.1080/01446190500184444,Benefit evaluation for off‐site production in construction,2006,Construction Management and Economics,Nick Blismas; Christine Pasquire; Alistair Gibb,https://doi.org/10.1080/01446190500184444,crossref
10.1080/01446190601071821,Future opportunities for offsite in the UK,2007,Construction Management and Economics,Chris Goodier; Alistair Gibb,https://doi.org/10.1080/01446190601071821,crossref
10.1080/01446190701411216,The engineer under FIDIC's conditions of contract for construction,2007,Construction Management and Economics,Issaka Ndekugri; Nigel Smith; Will Hughes,https://doi.org/10.1080/01446190701411216,crossref
10.1080/01446193.2021.1970785,The role of public actors in construction logistics: effects on and of relational interfaces,2021,Construction Management and Economics,Victor Eriksson; Kajsa Hulthén; Viktoria Sundquist; Anna Fredriksson; Mats Janné,https://doi.org/10.1080/01446193.2021.1970785,crossref
10.1080/08111146.2018.1460269,Towards Understanding the Socio-Economic Patterns of Sharing Economy in Australia: An Investigation of Airbnb Listings in Sydney and Melbourne Metropolitan Regions,2018,Urban Policy and Research,Tooran Alizadeh; Reza Farid; Somwrita Sarkar,https://doi.org/10.1080/08111146.2018.1460269,crossref
10.1080/09613218.2019.1669009,Critical success factors for modular integrated construction projects: a review,2019,Building Research &amp; Information,Ibrahim Yahaya Wuni; Geoffrey Qiping Shen,https://doi.org/10.1080/09613218.2019.1669009,crossref
10.1086/651673,"Cyclicality, Mortality, and the Value of Time: The Case of Coffee Price Fluctuations and Child Survival in Colombia",2010,Journal of Political Economy,Grant Miller; B. Piedad Urdinola,https://doi.org/10.1086/651673,crossref
10.1086/652201,Restorative and Community Justice in the United States,2000,Crime and Justice,Leena Kurki,https://doi.org/10.1086/652201,crossref
10.1086/653714,Identifying Agglomeration Spillovers: Evidence from Winners and Losers of Large Plant Openings,2010,Journal of Political Economy,Michael Greenstone; Richard Hornbeck; Enrico Moretti,https://doi.org/10.1086/653714,crossref
10.1086/705716,Robots and Jobs: Evidence from US Labor Markets,2020,Journal of Political Economy,Daron Acemoglu; Pascual Restrepo,https://doi.org/10.1086/705716,crossref
10.1088/1748-9326/4/4/044003,A new map of global urban extent from MODIS satellite data,2009,Environmental Research Letters,A Schneider; M A Friedl; D Potere,https://doi.org/10.1088/1748-9326/4/4/044003,crossref
10.1088/1748-9326/abfba1,The environmental footprint of data centers in the United States,2021,Environmental Research Letters,Md Abu Bakar Siddik; Arman Shehabi; Landon Marston,https://doi.org/10.1088/1748-9326/abfba1,crossref
10.1088/1748-9326/acbce7,Quantifying factory-scale CO<sub>2</sub>/CH<sub>4</sub> emission based on mobile measurements and EMISSION-PARTITION model: cases in China,2023,Environmental Research Letters,Tianqi Shi; Ge Han; Xin Ma; Huiqin Mao; Cuihong Chen; Zeyu Han; Zhipeng Pei; Haowei Zhang; Siwei Li; Wei Gong,https://doi.org/10.1088/1748-9326/acbce7,crossref
10.1093/cjres/rsad015,Making spatial evolution work for all? A framework for inclusive path development,2023,"Cambridge Journal of Regions, Economy and Society",,https://doi.org/10.1093/cjres/rsad015,crossref
10.1093/cjres/rsu007,Phoenix industries and open innovation? The Midlands advanced automotive manufacturing and engineering industry,2014,"Cambridge Journal of Regions, Economy and Society",P. Amison; D. Bailey,https://doi.org/10.1093/cjres/rsu007,crossref
10.1093/cjres/rsu010,Smart cities from scratch? A socio-technical perspective,2014,"Cambridge Journal of Regions, Economy and Society",Luís Carvalho,https://doi.org/10.1093/cjres/rsu010,crossref
10.1093/icc/11.3.451,Modular production networks: a new American model of industrial organization,2002,Industrial and Corporate Change,T. J. Sturgeon,https://doi.org/10.1093/icc/11.3.451,crossref
10.1093/jeg/lbaa014,Specialization versus competition: an anatomy of increasing returns to scale,2020,Journal of Economic Geography,Alberto Bucci; Philip Ushchev,https://doi.org/10.1093/jeg/lbaa014,crossref
10.1093/oep/46.supplement_1.757,Economic Development and Environmental Quality: An Econometric Analysis,1994,Oxford Economic Papers,Nemat Shafik,https://doi.org/10.1093/oep/46.supplement_1.757,crossref
10.1093/restud/rdac002,The Design of Teacher Assignment: Theory and Evidence,2022,The Review of Economic Studies,Julien Combe; Olivier Tercieux; Camille Terrier,https://doi.org/10.1093/restud/rdac002,crossref
10.1108/09600030510590318,Abductive reasoning in logistics research,2005,International Journal of Physical Distribution &amp; Logistics Management,Gyöngyi Kovács; Karen M. Spens,https://doi.org/10.1108/09600030510590318,crossref
10.1108/14714170910931552,"Drivers, constraints and the future of offsite manufacture in Australia",2009,Construction Innovation,Nick Blismas; Ron Wakefield,https://doi.org/10.1108/14714170910931552,crossref
10.1108/14714171111104637,Government roles in implementing building information modelling systems,2011,Construction Innovation,Andy K.D. Wong; Francis K.W. Wong; Abid Nadeem,https://doi.org/10.1108/14714171111104637,crossref
10.1108/ci-06-2025-0285,Decarbonising construction logistics: the role of supplier-led distribution and integrated warehousing,2026,Construction Innovation,Kamal Dhawan; John Tookey; Anna Fredriksson; Müge Tetik,https://doi.org/10.1108/ci-06-2025-0285,crossref
10.1108/ecam-05-2022-0470,Identification and assessment of disruption claim management risks in construction projects: a life cycle-based approach,2022,"Engineering, Construction and Architectural Management",Murat Cevikbas; Ozan Okudan; Zeynep Işık,https://doi.org/10.1108/ecam-05-2022-0470,crossref
10.1108/ecam-12-2021-1105,Automatic generation of BIM-based construction schedule: combining an ontology constraint rule and a genetic algorithm,2022,"Engineering, Construction and Architectural Management",Zhijiang Wu; Guofeng Ma,https://doi.org/10.1108/ecam-12-2021-1105,crossref
10.1108/ijppm-02-2016-0038,Determinants of organizational performance: a proposed framework,2016,International Journal of Productivity and Performance Management,Bashaer Almatrooshi; Sanjay Kumar Singh; Sherine Farouk,https://doi.org/10.1108/ijppm-02-2016-0038,crossref
10.1109/icde.1996.492094,Maintenance of discovered association rules in large databases: an incremental updating technique,,Proceedings of the Twelfth International Conference on Data Engineering,D.W. Cheung; Jiawei Han; V.T. Ng; C.Y. Wong,https://doi.org/10.1109/icde.1996.492094,crossref
10.1111/1468-2427.12612,Demolishing the Present to Sell off the Future? The Emergence of ‘Financialized Municipal Entrepreneurialism’ in London,2018,International Journal of Urban and Regional Research,Joe Beswick; Joe Penny,https://doi.org/10.1111/1468-2427.12612,crossref
10.1111/anti.12878,The Socialocene: From Capitalocene to Transnational Waste Regimes,2022,Antipode,Zsuzsa Gille,https://doi.org/10.1111/anti.12878,crossref
10.1111/ecge.12068,"Invention &amp; Reinvention: The Evolution of San Diego's Innovation Economy By Mary LindensteinWalshok and Abraham J.ShraggeStanford, CA: Stanford University Press, 2014.",2015,Economic Geography,Shiri M. Breznitz,https://doi.org/10.1111/ecge.12068,crossref
10.1111/j.0040-747x.2004.00294.x,Restructuring the Belgian Professional Football League: A Location‐Allocation Solution,2004,Tijdschrift voor Economische en Sociale Geografie,Trudo Dejonghe,https://doi.org/10.1111/j.0040-747x.2004.00294.x,crossref
10.1111/j.1468-0297.2011.02420.x,Broadband Infrastructure and Economic Growth,2011,The Economic Journal,Nina Czernich; Oliver Falck; Tobias Kretschmer; Ludger Woessmann,https://doi.org/10.1111/j.1468-0297.2011.02420.x,crossref
10.1111/jbl.12089,Generative Mechanisms of the Adoption of Logistics Innovation: The Case of On‐site Shops in Construction Supply Chains,2015,Journal of Business Logistics,Kari Tanskanen; Jan Holmström; Mikael Öhman,https://doi.org/10.1111/jbl.12089,crossref
10.1111/roie.12473,A new impetus for endogenous growth: R&amp;D offshoring via virtual labor mobility,2020,Review of International Economics,Noritsugu Nakanishi; Ngo Van Long,https://doi.org/10.1111/roie.12473,crossref
10.1137/1.9781611972788.22,Similarity Measures for Categorical Data: A Comparative Evaluation,2008,Proceedings of the 2008 SIAM International Conference on Data Mining,Shyam Boriah; Varun Chandola; Vipin Kumar,https://doi.org/10.1137/1.9781611972788.22,crossref
10.1145/170035.170072,Mining association rules between sets of items in large databases,1993,Proceedings of the 1993 ACM SIGMOD international conference on Management of data,Rakesh Agrawal; Tomasz Imieliński; Arun Swami,https://doi.org/10.1145/170035.170072,crossref
10.1145/170036.170072,Mining association rules between sets of items in large databases,1993,ACM SIGMOD Record,Rakesh Agrawal; Tomasz Imieliński; Arun Swami,https://doi.org/10.1145/170036.170072,crossref
10.1145/253260.253325,Dynamic itemset counting and implication rules for market basket data,1997,Proceedings of the 1997 ACM SIGMOD international conference on Management of data  - SIGMOD '97,Sergey Brin; Rajeev Motwani; Jeffrey D. Ullman; Shalom Tsur,https://doi.org/10.1145/253260.253325,crossref
10.1145/335191.335437,Efficient algorithms for mining outliers from large data sets,2000,ACM SIGMOD Record,Sridhar Ramaswamy; Rajeev Rastogi; Kyuseok Shim,https://doi.org/10.1145/335191.335437,crossref
10.1162/003355303322552801,The Skill Content of Recent Technological Change: An Empirical Exploration,2003,The Quarterly Journal of Economics,D. H. Autor; F. Levy; R. J. Murnane,https://doi.org/10.1162/003355303322552801,crossref
10.1162/003465303772815844,Effects of Environmental Regulations on Manufacturing Plant Births: Evidence from a Propensity Score Matching Estimator,2003,Review of Economics and Statistics,John A. List; Daniel L. Millimet; Per G. Fredriksson; W. Warren McHone,https://doi.org/10.1162/003465303772815844,crossref
10.1162/003465397557196,Environmental Regulation and Innovation: A Panel Data Study,1997,Review of Economics and Statistics,Adam B. Jaffe; Karen Palmer,https://doi.org/10.1162/003465397557196,crossref
10.1162/003465398557825,Consistent Covariance Matrix Estimation with Spatially Dependent Panel Data,1998,Review of Economics and Statistics,John C. Driscoll; Aart C. Kraay,https://doi.org/10.1162/003465398557825,crossref
10.1162/rest_a_00754,Robots at Work,2018,The Review of Economics and Statistics,Georg Graetz; Guy Michaels,https://doi.org/10.1162/rest_a_00754,crossref
10.1162/rest_a_00939,International Food Commodity Prices and Missing (Dis)Inflation in the Euro Area,2022,The Review of Economics and Statistics,Gert Peersman,https://doi.org/10.1162/rest_a_00939,crossref
10.1177/0042098007087340,"Compact, Dispersed, Fragmented, Extensive? A Comparison of Urban Growth in                 Twenty-five Global Cities using Remotely Sensed Data, Pattern Metrics and Census Information",2008,Urban Studies,Annemarie Schneider; Curtis E. Woodcock,https://doi.org/10.1177/0042098007087340,crossref
10.1177/1536867x0600600403,Testing for Cross-Sectional Dependence in Panel-Data Models,2006,The Stata Journal: Promoting communications on statistics and Stata,Rafael E. De Hoyos; Vasilis Sarafidis,https://doi.org/10.1177/1536867x0600600403,crossref
10.1177/2053951718820549,"When data is capital: Datafication, accumulation, and           extraction",2019,Big Data &amp; Society,Jathan Sadowski,https://doi.org/10.1177/2053951718820549,crossref
10.1177/25148486221111784,"Multi-species, ecological and climate change temporalities: Opening a dialogue with phenology",2022,Environment and Planning E: Nature and Space,Michelle Bastian; Rowan Bayliss Hawitt,https://doi.org/10.1177/25148486221111784,crossref
10.1198/jasa.2009.ap08746,Synthetic Control Methods for Comparative Case Studies: Estimating the Effect of California’s Tobacco Control Program,2010,Journal of the American Statistical Association,Alberto Abadie; Alexis Diamond; Jens Hainmueller,https://doi.org/10.1198/jasa.2009.ap08746,crossref
10.1257/aer.100.2.373,Local Multipliers,2010,American Economic Review,Enrico Moretti,https://doi.org/10.1257/aer.100.2.373,crossref
10.1257/app.2.3.158,US Environmental Regulation and FDI: Evidence from a Panel of US-Based Multinational Firms,2010,American Economic Journal: Applied Economics,Rema Hanna,https://doi.org/10.1257/app.2.3.158,crossref
10.1257/jep.29.3.3,Why Are There Still So Many Jobs? The History and Future of Workplace Automation,2015,Journal of Economic Perspectives,David H. Autor,https://doi.org/10.1257/jep.29.3.3,crossref
10.1257/jep.34.2.90,Evaluating State and Local Business Incentives,2020,Journal of Economic Perspectives,Cailin Slattery; Owen Zidar,https://doi.org/10.1257/jep.34.2.90,crossref
10.1287/mnsc.2018.3055,"Institutional Investors and Corporate Environmental, Social, and Governance Policies: Evidence from Toxics Release Data",2019,Management Science,Incheol Kim; Hong Wan; Bin Wang; Tina Yang,https://doi.org/10.1287/mnsc.2018.3055,crossref
10.1289/ehp.1408646,Use of Satellite Observations for Long-Term Exposure Assessment of Global Concentrations of Fine Particulate Matter,2015,Environmental Health Perspectives,Aaron van Donkelaar; Randall V. Martin; Michael Brauer; Brian L. Boys,https://doi.org/10.1289/ehp.1408646,crossref
10.17848/wp20-323,Contract Work at Older Ages,2020,,Katharine G. Abraham; Brad Hershbein; Susan Houseman,https://doi.org/10.17848/wp20-323,crossref
10.17848/wp20-325,The Evolution of Local Labor Markets After Recessions,2023,,Brad Hershbein; Bryan A. Stuart,https://doi.org/10.17848/wp20-325,crossref
10.17848/wp22-363,Pell Grants and Labor Supply: Evidence from a Regression Kink,2022,,Michael S. Kofoed,https://doi.org/10.17848/wp22-363,crossref
10.17848/wp22-364,Monopsony in the U.S. Labor Market,2022,,Chen Yeh; Claudia Macaluso; Brad Hershbein,https://doi.org/10.17848/wp22-364,crossref
10.18356/f4ae4888-en,Global Assessment Report on Disaster Risk Reduction 2019,2019,Global Assessment Report on Disaster Risk Reduction (GAR),,https://doi.org/10.18356/f4ae4888-en,crossref
10.1890/07-0043.1,QUASI-POISSON VS. NEGATIVE BINOMIAL REGRESSION: HOW SHOULD WE MODEL OVERDISPERSED COUNT DATA?,2007,Ecology,Jay M. Ver Hoef; Peter L. Boveng,https://doi.org/10.1890/07-0043.1,crossref
10.2172/881924,"Economic, Energy, and Environmental Benefits of Concentrating Solar Power in California",2006,,L Stoddard; J Abiecunas; R O'Connell,https://doi.org/10.2172/881924,crossref
10.2307/1268876,Algorithms for Clustering Data,1990,Technometrics,Warren S. Sarle,https://doi.org/10.1080/00401706.1990.10484648,crossref
10.2307/2109447,Differential Environmental Regulation: Effects on Electric Utility Capital Turnover and Emissions,1993,The Review of Economics and Statistics,Randy A. Nelson; Tom Tietenberg; Michael R. Donihue,https://doi.org/10.2307/2109447,crossref
10.2307/2297968,Some Tests of Specification for Panel Data: Monte Carlo Evidence and an Application to Employment Equations,1991,The Review of Economic Studies,Manuel Arellano; Stephen Bond,https://doi.org/10.2307/2297968,crossref
10.3141/2410-12,Logistics Sprawl,2014,Transportation Research Record: Journal of the Transportation Research Board,Laetitia Dablanc; Scott Ogilvie; Anne Goodchild,https://doi.org/10.3141/2410-12,crossref
10.3384/diss.diva-170231,Construction Logistics in a City Development Setting,2020,Linköping Studies in Science and Technology. Dissertations,Mats Janné,https://doi.org/10.3384/diss.diva-170231,crossref
10.3386/w18754,Incentives and Outcomes: China's Environmental Policy,2013,,Jing Wu; Yongheng Deng; Jun Huang; Randall Morck; Bernard Yeung,https://doi.org/10.3386/w18754,crossref
10.3386/w28498,Social and Genetic Effects on Educational Performance in Early Adolescence,2021,,Martin Isungset; Dalton Conley; Henrik Zachrisson; Eivind Ystrøm; Alexandra Havdahl; Pål Njølstad; Torkild Lyngstad,https://doi.org/10.3386/w28498,crossref
10.3386/w29676,Robots and Firm Investment,2022,,Efraim Benmelech; Michal Zator,https://doi.org/10.3386/w29676,crossref
10.3389/fbuil.2023.1202091,Turning a spotlight on construction logistics for a sustainable urban environment—a review of current policy concepts and literature,2023,Frontiers in Built Environment,Phillip Haag; Hans Christian Jünger,https://doi.org/10.3389/fbuil.2023.1202091,crossref
10.3390/civileng6040059,"A Modular, Logistics-Centric Digital Twin Framework for Construction: From Concept to Prototype",2025,CivilEng,Maximilian Gehring; Jascha Brötzmann; Uwe Rüppel,https://doi.org/10.3390/civileng6040059,crossref
10.3390/ijerph20064803,The Impact of Human Capital on Green Technology Innovation—Moderating Role of Environmental Regulations,2023,International Journal of Environmental Research and Public Health,Jie Zhang; Shilong Li,https://doi.org/10.3390/ijerph20064803,crossref
10.3390/su13052678,Building Bridges: A Participatory Stakeholder Framework for Sustainable Urban Construction Logistics,2021,Sustainability,Nicolas Brusselaers; Koen Mommens; Cathy Macharis,https://doi.org/10.3390/su13052678,crossref
10.3390/su14116701,Analyzing the Level of Detail of Construction Schedule for Enabling Site Logistics Planning (SLP) in the Building Information Modeling (BIM) Environment,2022,Sustainability,Sonja Kolarić; Mladen Vukomanović; Antonio Ramljak,https://doi.org/10.3390/su14116701,crossref
10.3390/su15021298,Using Transport to Quantify the Impact of Vertical Integration on the Construction Supply Chain: A New Zealand Assessment,2023,Sustainability,Kamal Dhawan; John E. Tookey; Ali GhaffarianHoseini; Mani Poshdar,https://doi.org/10.3390/su15021298,crossref
10.3390/su18010263,"Developing Data-Driven, Sustainable Construction Material Transportation Logistics",2025,Sustainability,John Tookey; Kamal Dhawan,https://doi.org/10.3390/su18010263,crossref
10.36680/j.itcon.2026.029,A novel framework for structuring and automating schedule-ready data from BIM for advanced construction scheduling,2026,Journal of Information Technology in Construction,Qais Amarkhil; Emad Elwakil,https://doi.org/10.36680/j.itcon.2026.029,crossref
10.4324/9780080878096-12,Introduction to Data Mining,2008,Data Mining and Market Intelligence for Optimal Marketing Returns,,https://doi.org/10.4324/9780080878096-12,crossref
10.5860/choice.49-3305,Data mining: concepts and techniques,2012,Choice Reviews Online,,https://doi.org/10.5860/choice.49-3305,crossref
10.5860/choice.51-3557,"Smart cities: big data, civic hackers, and the quest for a new utopia",2014,Choice Reviews Online,,https://doi.org/10.5860/choice.51-3557,crossref
